2433.5,2432,2435
2352.5,2351,2354
2334.5,2333,2336
2334.5,2333,2336
2334,2333,2335
2332,2331,2333
2332,2331,2333
2427,2426,2428
2426,2425,2427
2426,2425,2427
2426,2425,2427
2529,2528,2530
2528.5,2527,2530
2528.5,2527,2530
2530.5,2527,2534
2529.5,2528,2531
2524.5,2523,2526
2524.5,2523,2526
2524.5,2523,2526
2524,2522,2526
2521.5,2521,2522
2521.5,2521,2522
2569.5,2521,2618
2468.5,2420,2517
2432.5,2384,2481
2574.5,2477,2672
2582.5,2485,2680
2559.5,2462,2657
2549,2452,2646
2549,2452,2646
2549,2452,2646
2537,2440,2634
2520,2423,2617
2656,2559,2753
2656,2559,2753
2655.5,2560,2751
2550.5,2455,2646
2550.5,2455,2646
2531.5,2437,2626
2535.5,2441,2630
2537,2444,2630
2536,2443,2629
2537.5,2445,2630
2536.5,2446,2627
2537.5,2447,2628
2538,2447,2629
2545.5,2455,2636
2606,2518,2694
2609,2519,2699
3404,3314,3494
3434,3345,3523
3435,3346,3524
3450.5,3362,3539
3452,3364,3540
3452,3363,3541
3452.5,3363,3542
3453.5,3364,3543
3452.5,3363,3542
3452.5,3363,3542
3452,3361,3543
3451.5,3361,3542
3359.5,3268,3451
3247.5,3159,3336
3246.5,3159,3334
3247,3160,3334
3245.5,3159,3332
3146,3059,3233
3110,3022,3198
3137,3049,3225
3137.5,3050,3225
3098.5,3011,3186
3097.5,3010,3185
3096,3009,3183
3094,3007,3181
3095,3008,3182
3104,3017,3191
3077.5,2990,3165
3077.5,2990,3165
3095.5,3008,3183
3096,3008,3184
3096.5,3008,3185
3110.5,3020,3201
3109.5,3019,3200
3108.5,3018,3199
3098,3007,3189
3116,3026,3206
3111,3021,3201
3182,3095,3269
3182,3095,3269
3182,3095,3269
3182,3095,3269
3181,3093,3269
3181.5,3093,3270
3174.5,3088,3261
2857.5,2817,2898
2857.5,2818,2897
2858.5,2819,2898
2870.5,2828,2913
2870.5,2828,2913
2869,2825,2913
2868,2824,2912
2867.5,2825,2910
2867.5,2825,2910
2868,2824,2912
2863,2818,2908
2863.5,2819,2908
2870,2824,2916
2870,2824,2916
2869,2824,2914
2868,2823,2913
2878.5,2834,2923
2838.5,2794,2883
2838.5,2794,2883
1932,1889,1975
1933.5,1889,1978
1932.5,1888,1977
1931.5,1887,1976
1930.5,1886,1975
2138.5,2094,2183
2164,2120,2208
2163.5,2121,2206
2158.5,2117,2200
2162,2120,2204
2162.5,2119,2206
2057,2013,2101
2040.5,1998,2083
2044.5,2004,2085
2047.5,2006,2089
2048.5,2007,2090
2141.5,2102,2181
2141.5,2102,2181
2248.5,2210,2287
2248.5,2210,2287
2246.5,2206,2287
2246.5,2206,2287
2229,2188,2270
2321.5,2280,2363
2316.5,2273,2360
2355.5,2309,2402
2354.5,2308,2401
2340,2293,2387
2319.5,2269,2370
2318.5,2268,2369
2367.5,2266,2469
2367.5,2266,2469
2365.5,2263,2468
2304.5,2255,2354
2304.5,2255,2354
2202,2151,2253
2202.5,2152,2253
2201.5,2151,2252
2201.5,2151,2252
2202,2152,2252
2202,2152,2252
2181,2134,2228
2174.5,2126,2223
2170,2124,2216
2159.5,2114,2205
2176.5,2174,2179
2175.5,2173,2178
2175,2173,2177
2171.5,2170,2173
2170.5,2169,2172
2176.5,2175,2178
2124,2123,2125
2123,2122,2124
2123,2122,2124
2321,2220,2422
2515,2414,2616
2530.5,2428,2633
2529,2426,2632
2530.5,2428,2633
2328.5,2226,2431
2267,2216,2318
2266,2216,2316
2266.5,2218,2315
2266.5,2218,2315
2266.5,2219,2314
2245,2240,2250
2245,2240,2250
2538.5,2536,2541
2539.5,2537,2542
2538.5,2536,2541
2326,2323,2329
2326,2323,2329
2324,2321,2327
2324,2321,2327
2337.5,2336,2339
2290,2245,2335
2290,2245,2335
2291,2246,2336
2290.5,2248,2333
2290.5,2248,2333
2294,2251,2337
2290.5,2247,2334
2292.5,2248,2337
2293,2246,2340
2342.5,2341,2344
2346,2345,2347
2345,2343,2347
2430,2427,2433
2391,2388,2394
2389.5,2386,2393
2387,2382,2392
2387.5,2383,2392
2395,2391,2399
2393.5,2390,2397
2448,2441,2455
2446.5,2438,2455
2447.5,2438,2457
2631.5,2623,2640
2631.5,2623,2640
2631,2622,2640
2632.5,2623,2642
2632.5,2622,2643
2586,2578,2594
2586,2578,2594
2487.5,2478,2497
2500.5,2493,2508
2434,2426,2442
2423.5,2416,2431
2423.5,2416,2431
2424,2417,2431
2261.5,2258,2265
2270.5,2267,2274
2270.5,2267,2274
2277.5,2274,2281
2278.5,2275,2282
2279.5,2276,2283
2232,2179,2285
2130,2079,2181
2180.5,2082,2279
2180,2084,2276
2182,2086,2278
2183,2087,2279
2181.5,2086,2277
2248,2152,2344
2248,2152,2344
2250.5,2156,2345
2304,2209,2399
2270,2178,2362
2284,2193,2375
2284.5,2193,2376
2808.5,2718,2899
2808.5,2718,2899
2686,2594,2778
2686,2594,2778
2738.5,2693,2784
2737.5,2691,2784
2740,2694,2786
2791,2696,2886
2742.5,2696,2789
2741.5,2695,2788
2746.5,2699,2794
2765.5,2669,2862
2717,2669,2765
2703.5,2660,2747
2706.5,2663,2750
2679.5,2628,2731
2679,2627,2731
2679.5,2627,2732
2679.5,2626,2733
2685,2631,2739
2683.5,2629,2738
2677.5,2627,2728
2657,2612,2702
2781.5,2734,2829
3602,3356,3848
3556.5,3259,3854
3554.5,3255,3854
3554,3254,3854
3554,3254,3854
3552,3251,3853
3521,3173,3869
3521,3170,3872
3526,3174,3878
3527,3175,3879
3528,3176,3880
3528.5,3177,3880
3492.5,3145,3840
3491.5,3147,3836
3491.5,3146,3837
3498,3155,3841
3598.5,3257,3940
3598,3257,3939
3500.5,3159,3842
3501,3159,3843
3499.5,3156,3843
3498.5,3155,3842
3497.5,3154,3841
3497,3153,3841
3498,3155,3841
3499,3156,3842
3399.5,3058,3741
3398.5,3057,3740
3360,3068,3652
3313,3069,3557
3317,3073,3561
3226,2986,3466
3240,2986,3494
3239.5,2986,3493
3237.5,2983,3492
3237.5,2983,3492
3280,3027,3533
3486.5,3278,3695
3485.5,3277,3694
3491.5,3283,3700
3487,3278,3696
3381.5,3176,3587
3379.5,3176,3583
3379.5,3177,3582
3373,3177,3569
3373,3177,3569
3288.5,3095,3482
3290.5,3097,3484
3321.5,3123,3520
3322.5,3124,3521
3320,3121,3519
3318.5,3119,3518
3323.5,3125,3522
2501,2397,2605
2314.5,2210,2419
2311.5,2207,2416
2320.5,2219,2422
2315,2214,2416
2315,2214,2416
2306,2206,2406
2305.5,2206,2405
2205.5,2199,2212
2206,2200,2212
2192,2187,2197
2196.5,2193,2200
2188.5,2185,2192
2188.5,2185,2192
2192,2190,2194
2197.5,2197,2198
2198,2197,2199
2198,2197,2199
2358.5,2356,2361
2357.5,2356,2359
2357.5,2356,2359
2371.5,2368,2375
2371.5,2368,2375
2373.5,2370,2377
2373.5,2370,2377
2374.5,2372,2377
2383,2380,2386
2383,2379,2387
2377.5,2372,2383
2377,2372,2382
2017,1962,2072
2018,1963,2073
2018,1963,2073
2017,1962,2072
2016,1963,2069
2016,1963,2069
1998,1943,2053
1997.5,1945,2050
1998,1946,2050
2370,1946,2794
2362,1937,2787
2362,1937,2787
2362.5,1937,2788
2362.5,1937,2788
2363,1935,2791
2363.5,1935,2792
2375.5,2039,2712
2384.5,2057,2712
2384.5,2057,2712
2384.5,2057,2712
2384.5,2057,2712
2378.5,2052,2705
2377.5,2051,2704
2374.5,2069,2680
2374,2069,2679
2374,2070,2678
2373,2069,2677
2375,2071,2679
2371.5,2067,2676
2371.5,2067,2676
2368.5,2066,2671
2368.5,2066,2671
2370.5,2068,2673
2370.5,2068,2673
2369.5,2069,2670
2370,2069,2671
2373.5,2072,2675
2372.5,2071,2674
2372.5,2071,2674
2386.5,2091,2682
2388,2093,2683
2385,2087,2683
2385,2087,2683
2398,2100,2696
2397,2099,2695
2392,2100,2684
2391.5,2099,2684
2393,2099,2687
2392.5,2099,2686
2392,2098,2686
2131.5,1791,2472
2130.5,1790,2471
2153.5,1813,2494
2155.5,1815,2496
2155.5,1815,2496
2155,1815,2495
2111.5,1773,2450
2111.5,1773,2450
2112,1771,2453
2112.5,1771,2454
2113,1772,2454
2113,1772,2454
2117.5,1777,2458
2118.5,1778,2459
2427.5,2030,2825
2426,2028,2824
2442,2043,2841
2442.5,2045,2840
2442.5,2045,2840
2442,2045,2839
2443,2047,2839
2443.5,2048,2839
2443.5,2048,2839
2443.5,2048,2839
2464.5,2069,2860
2661.5,2270,3053
2662.5,2270,3055
2732,2286,3178
2733,2287,3179
2733,2286,3180
2733,2286,3180
2733,2286,3180
2733,2285,3181
2698.5,2253,3144
2647,2250,3044
2451,2054,2848
2451,2054,2848
2501,2055,2947
2501,2055,2947
2438,2036,2840
2438,2036,2840
2461.5,2055,2868
2460.5,2054,2867
2457.5,2054,2861
2525,2122,2928
2513,2113,2913
2514,2114,2914
2512.5,2114,2911
2511,2111,2911
2511,2111,2911
2513,2113,2913
2507.5,2105,2910
2507.5,2106,2909
2498.5,2101,2896
2499,2102,2896
2559,2209,2909
2576,2224,2928
2595,2243,2947
2595,2243,2947
2630,2278,2982
2630.5,2278,2983
2281.5,2273,2290
2281.5,2273,2290
2180.5,2174,2187
2217.5,2177,2258
2217.5,2177,2258
2181.5,2142,2221
2182,2143,2221
2184,2144,2224
2192.5,2152,2233
2234.5,2193,2276
2234,2193,2275
2233,2193,2273
2245.5,2209,2282
2294,2206,2382
2428,2292,2564
2434.5,2297,2572
2436,2298,2574
2367,2280,2454
2375.5,2278,2473
2372,2278,2466
2342.5,2240,2445
2342.5,2240,2445
2085.5,2030,2141
2084,2027,2141
2084.5,2027,2142
2154.5,2071,2238
2156,2074,2238
2156.5,2075,2238
2166.5,2082,2251
2163.5,2078,2249
2299.5,2111,2488
2298,2109,2487
2298,2109,2487
2299,2109,2489
2297.5,2211,2384
2297.5,2211,2384
2395.5,2306,2485
2395,2306,2484
2420,2333,2507
2362,2350,2374
2361,2350,2372
2360,2349,2371
2358.5,2349,2368
2364.5,2357,2372
2295.5,2235,2356
2310.5,2235,2386
2315.5,2241,2390
2327.5,2241,2414
2328.5,2241,2416
2328.5,2241,2416
2329,2241,2417
2345.5,2252,2439
2346.5,2252,2441
2347,2252,2442
2344.5,2250,2439
2344,2250,2438
2249,2151,2347
2240.5,2141,2340
2259.5,2163,2356
2359,2256,2462
2358.5,2255,2462
2359.5,2244,2475
2733.5,2464,3003
2734.5,2465,3004
2736.5,2468,3005
2736,2467,3005
2732,2464,3000
2713,2445,2981
2714,2445,2983
2715.5,2447,2984
2715,2446,2984
2715.5,2447,2984
2715.5,2448,2983
2732,2462,3002
2715,2448,2982
2749,2481,3017
2720.5,2618,2823
2720,2617,2823
2719.5,2616,2823
2724,2629,2819
2724,2629,2819
2725,2630,2820
2726.5,2632,2821
2738.5,2646,2831
2728,2630,2826
2729,2632,2826
2730,2632,2828
2713.5,2617,2810
2714,2618,2810
2672,2579,2765
2545.5,2345,2746
2546,2346,2746
2462.5,2270,2655
2420,2230,2610
2418.5,2229,2608
2417.5,2228,2607
2422,2233,2611
2460,2320,2600
2457,2317,2597
2456.5,2315,2598
2456.5,2315,2598
2456.5,2315,2598
2559.5,2419,2700
2459.5,2319,2600
2501,2315,2687
2507.5,2314,2701
2507,2314,2700
2808.5,2665,2952
2808,2664,2952
2796.5,2655,2938
2797.5,2654,2941
2748.5,2556,2941
2748,2555,2941
2749,2555,2943
2749,2556,2942
2748,2556,2940
2747.5,2555,2940
2750,2562,2938
2750.5,2562,2939
2750,2574,2926
2751,2575,2927
2650.5,2477,2824
2592,2412,2772
2517.5,2340,2695
2461.5,2331,2592
2566.5,2441,2692
2565,2441,2689
2565.5,2442,2689
1944.5,1723,2166
1952,1737,2167
1952.5,1738,2167
1952,1737,2167
1958,1745,2171
1885,1718,2052
1870.5,1702,2039
1872,1702,2042
1870.5,1702,2039
1870,1701,2039
1883,1719,2047
1886,1722,2050
1900.5,1729,2072
1900.5,1729,2072
1901,1729,2073
1894.5,1718,2071
1899,1727,2071
1997.5,1827,2168
1994.5,1823,2166
2016.5,1842,2191
2016.5,1842,2191
2016.5,1842,2191
2010,1838,2182
2009.5,1837,2182
2010,1836,2184
1909.5,1735,2084
1901,1730,2072
1901.5,1730,2073
1902.5,1731,2074
1903,1731,2075
1893.5,1722,2065
1891.5,1719,2064
1891.5,1719,2064
2171,2147,2195
2170.5,2148,2193
2228.5,2162,2295
2149.5,2113,2186
2149.5,2112,2187
2149,2111,2187
2148,2111,2185
2146.5,2111,2182
2146,2111,2181
2143,2108,2178
2143.5,2107,2180
2143.5,2107,2180
2064.5,2048,2081
2057.5,2049,2066
2107.5,2073,2142
2113.5,2082,2145
2089.5,2061,2118
2090,2061,2119
1783.5,1713,1854
1783,1713,1853
1785,1715,1855
1780.5,1707,1854
1783,1709,1857
1782.5,1709,1856
1783.5,1711,1856
1783.5,1711,1856
1782,1709,1855
1783.5,1709,1858
1763,1690,1836
1727,1609,1845
1750,1640,1860
1752,1640,1864
1752,1640,1864
1743,1630,1856
1743,1630,1856
1724,1610,1838
1723.5,1608,1839
1726.5,1611,1842
1733,1617,1849
1761,1601,1921
1761,1601,1921
1759.5,1599,1920
1765.5,1607,1924
1766,1608,1924
1766,1608,1924
1725,1595,1855
1726,1596,1856
1740,1596,1884
1738.5,1593,1884
1727.5,1573,1882
1727.5,1573,1882
1728.5,1574,1883
1728.5,1574,1883
1737,1584,1890
1784.5,1680,1889
1790,1690,1890
1789.5,1689,1890
1790.5,1690,1891
1791.5,1692,1891
1791.5,1692,1891
1786,1692,1880
1785.5,1695,1876
1785.5,1695,1876
1786,1696,1876
1785,1695,1875
1784,1692,1876
1783.5,1691,1876
1783.5,1690,1877
1782.5,1689,1876
1782.5,1689,1876
1783,1689,1877
1782.5,1688,1877
1781.5,1687,1876
1781.5,1687,1876
1788.5,1692,1885
1790.5,1691,1890
1790.5,1691,1890
1780.5,1680,1881
1781,1682,1880
1752,1653,1851
1737,1618,1856
1703,1583,1823
1701.5,1580,1823
1732.5,1621,1844
1748,1634,1862
1749,1635,1863
1761,1672,1850
1761,1672,1850
1761,1672,1850
1762,1672,1852
1772,1681,1863
1774,1684,1864
1796.5,1707,1886
1778.5,1688,1869
1779,1688,1870
1778,1685,1871
1778,1685,1871
1778,1685,1871
1777.5,1684,1871
1695,1650,1740
1575.5,1425,1726
1569.5,1419,1720
1569.5,1419,1720
1577.5,1423,1732
1578.5,1424,1733
1610.5,1506,1715
1610.5,1506,1715
1711,1605,1817
1654.5,1546,1763
1653.5,1545,1762
1652.5,1544,1761
1653.5,1545,1762
1654,1546,1762
1653.5,1546,1761
1640.5,1533,1748
1642.5,1540,1745
1641.5,1541,1742
1641,1546,1736
1643,1547,1739
1644,1549,1739
1644.5,1550,1739
1646,1551,1741
1689,1544,1834
1690.5,1547,1834
1721.5,1579,1864
1728.5,1585,1872
1728.5,1585,1872
1730,1585,1875
1730,1585,1875
1731.5,1588,1875
1686,1592,1780
1692.5,1601,1784
1691.5,1600,1783
1685.5,1595,1776
1686,1596,1776
1685.5,1595,1776
1699,1609,1789
1698.5,1608,1789
1692.5,1602,1783
1756.5,1661,1852
1756.5,1660,1853
1757,1662,1852
1757,1662,1852
1757,1662,1852
1756.5,1663,1850
1718.5,1614,1823
1722.5,1614,1831
1722.5,1614,1831
1722.5,1614,1831
1721.5,1613,1830
1721,1614,1828
1722.5,1616,1829
1723,1616,1830
1787.5,1733,1842
1793.5,1734,1853
1790.5,1734,1847
1790.5,1734,1847
1793.5,1736,1851
1793.5,1736,1851
1794.5,1737,1852
1795.5,1738,1853
1792.5,1735,1850
1792.5,1730,1855
1791.5,1730,1853
1766,1751,1781
1691.5,1676,1707
1680,1666,1694
1680,1666,1694
1681.5,1668,1695
1644,1580,1708
1643.5,1580,1707
1653,1576,1730
1653,1576,1730
1654,1578,1730
1654.5,1579,1730
1654.5,1576,1733
1653.5,1575,1732
1646.5,1571,1722
1645.5,1569,1722
1757,1572,1942
1755.5,1570,1941
1749.5,1564,1935
1743.5,1563,1924
1756,1622,1890
1737,1600,1874
1931,1606,2256
1931,1606,2256
1940.5,1616,2265
1940.5,1616,2265
1946,1620,2272
1945,1619,2271
1945,1619,2271
1947,1621,2273
1952.5,1627,2278
1953.5,1627,2280
1963,1637,2289
1962.5,1636,2289
1949,1620,2278
1946,1617,2275
1946.5,1618,2275
1947.5,1619,2276
1869,1640,2098
1869,1640,2098
1869,1640,2098
1860,1622,2098
1857,1617,2097
1851.5,1611,2092
1874,1618,2130
1875,1620,2130
1875.5,1620,2131
1874.5,1615,2134
1847.5,1591,2104
1847.5,1591,2104
1848.5,1592,2105
1849,1592,2106
1850,1601,2099
1849.5,1600,2099
1850,1600,2100
1850,1600,2100
1863,1611,2115
1862,1610,2114
1863,1612,2114
1863,1611,2115
1821.5,1610,2033
1823.5,1611,2036
1801.5,1588,2015
1801.5,1589,2014
1802,1590,2014
1806.5,1593,2020
1806.5,1593,2020
1814.5,1604,2025
1678.5,1627,1730
1680.5,1627,1734
2138,1626,2650
2185,1723,2647
2186,1723,2649
2184,1719,2649
1681,1646,1716
1679,1645,1713
1680,1647,1713
1679,1644,1714
1659,1623,1695
1660,1624,1696
1730.5,1718,1743
1731,1719,1743
1737.5,1731,1744
1733.5,1728,1739
1732.5,1728,1737
1732,1727,1737
1731,1725,1737
1736,1732,1740
1692.5,1651,1734
1691.5,1650,1733
1682,1641,1723
1673.5,1624,1723
1672.5,1622,1723
1639.5,1637,1642
1651.5,1646,1657
1652.5,1646,1659
1653.5,1647,1660
1661,1654,1668
1660.5,1653,1668
1660,1652,1668
1664,1660,1668
1665,1662,1668
1660,1656,1664
1663,1654,1672
1663,1654,1672
1663.5,1655,1672
1664,1656,1672
1664,1656,1672
1665,1653,1677
1662,1651,1673
1661,1650,1672
1661.5,1648,1675
1616,1608,1624
1616,1608,1624
1617.5,1608,1627
1618.5,1608,1629
1619.5,1608,1631
1656.5,1622,1691
1642.5,1611,1674
1644,1611,1677
1632.5,1603,1662
1609,1580,1638
1529.5,1496,1563
1583.5,1505,1662
1583.5,1505,1662
1577.5,1499,1656
1582.5,1509,1656
1530,1398,1662
1544,1414,1674
1544,1414,1674
1544,1414,1674
1544.5,1415,1674
1545,1416,1674
1545.5,1417,1674
1545.5,1417,1674
1546,1417,1675
1571,1442,1700
1571,1442,1700
1571,1440,1702
1571.5,1441,1702
1571,1441,1701
1582,1432,1732
1582,1432,1732
1581.5,1431,1732
1576.5,1427,1726
1577,1428,1726
1580.5,1430,1731
1563.5,1430,1697
1555,1422,1688
1543,1413,1673
1541.5,1411,1672
1546.5,1422,1671
1546.5,1422,1671
1546.5,1422,1671
1546.5,1418,1675
1546.5,1418,1675
1547,1418,1676
1548,1419,1677
1582.5,1455,1710
1582.5,1456,1709
1584.5,1457,1712
1560,1422,1698
1560,1422,1698
1560,1423,1697
1498.5,1408,1589
1498.5,1408,1589
1501,1407,1595
1500,1407,1593
1498.5,1405,1592
1503,1414,1592
1501,1415,1587
1501.5,1417,1586
1500,1416,1584
1500,1416,1584
1499,1415,1583
1498,1412,1584
1497.5,1412,1583
1497.5,1412,1583
1497.5,1413,1582
1507,1417,1597
1507,1417,1597
1585.5,1497,1674
1583.5,1495,1672
1583,1496,1670
1584,1497,1671
1583.5,1497,1670
1592.5,1498,1687
1592,1496,1688
1582,1493,1671
1571,1490,1652
1572.5,1489,1656
1573,1489,1657
1574.5,1491,1658
1574.5,1491,1658
1560,1478,1642
1564,1494,1634
1562.5,1494,1631
1507.5,1489,1526
1509,1492,1526
1508,1491,1525
1508.5,1491,1526
1508,1490,1526
1510,1492,1528
1511.5,1492,1531
1510.5,1489,1532
1511,1489,1533
1517.5,1485,1550
1571.5,1540,1603
1602,1557,1647
1603,1558,1648
1637.5,1592,1683
1637.5,1592,1683
1635,1589,1681
1637,1592,1682
1636,1589,1683
1671,1622,1720
2427.5,2380,2475
2424.5,2375,2474
2452,2399,2505
2451.5,2398,2505
2454.5,2393,2516
2437.5,2359,2516
2480.5,2348,2613
2480.5,2348,2613
2479,2346,2612
2477.5,2344,2611
2546.5,2405,2688
2551,2402,2700
2551.5,2402,2701
2551.5,2402,2701
2545.5,2390,2701
2544.5,2389,2700
2497.5,2294,2701
2494.5,2290,2699
2480.5,2279,2682
2478.5,2276,2681
2478.5,2276,2681
2478.5,2276,2681
2477,2270,2684
2485.5,2296,2675
2460,2280,2640
2511,2281,2741
2510.5,2280,2741
2511,2279,2743
2494.5,2267,2722
2495.5,2268,2723
2471.5,2225,2718
2472,2225,2719
2470,2224,2716
2470,2224,2716
2468.5,2223,2714
2497,2261,2733
2498.5,2261,2736
2344,2149,2539
2346,2150,2542
2345.5,2150,2541
2345.5,2150,2541
2345.5,2150,2541
2394.5,2248,2541
2489,2243,2735
2482.5,2227,2738
2483.5,2227,2740
2466,2211,2721
2463.5,2210,2717
2463,2209,2717
2460.5,2209,2712
2461.5,2215,2708
2434.5,2233,2636
2433.5,2233,2634
2433,2236,2630
2427,2217,2637
2426.5,2218,2635
2398,2240,2556
2397,2239,2555
2370,2212,2528
2369,2212,2526
2289.5,2128,2451
2287.5,2126,2449
2288,2126,2450
2287,2125,2449
2287.5,2125,2450
2288.5,2127,2450
2287.5,2126,2449
2332,2219,2445
2332,2219,2445
2284,2174,2394
2283,2174,2392
2283,2174,2392
2283,2174,2392
2283.5,2174,2393
2307,2206,2408
2306.5,2206,2407
2307,2206,2408
2307.5,2206,2409
2308,2207,2409
2309.5,2207,2412
2309.5,2207,2412
2309.5,2207,2412
2308,2206,2410
2308,2206,2410
2308,2207,2409
2320.5,2232,2409
2325.5,2234,2417
2530,2438,2622
2570,2525,2615
2570,2526,2614
2477.5,2441,2514
2472.5,2423,2522
2473.5,2424,2523
2466.5,2421,2512
2467,2421,2513
2467,2421,2513
2467,2421,2513
2466,2419,2513
2466.5,2397,2536
2467,2397,2537
2467.5,2398,2537
2467.5,2398,2537
2467,2397,2537
2465.5,2397,2534
2447.5,2365,2530
2447.5,2365,2530
2444.5,2366,2523
2536,2358,2714
2536,2359,2713
2462.5,2288,2637
2474.5,2302,2647
2519,2296,2742
2460.5,2281,2640
2434,2263,2605
2434,2263,2605
2434,2263,2605
2544,2374,2714
2544,2374,2714
2307.5,2139,2476
2307,2138,2476
2306,2142,2470
2305.5,2142,2469
2305,2141,2469
3925.5,3799,4052
3927,3819,4035
3927,3819,4035
3927,3819,4035
3878,3819,3937
3877,3818,3936
3875.5,3816,3935
3875.5,3816,3935
3964.5,3914,4015
3964.5,3914,4015
3964.5,3914,4015
3963.5,3913,4014
3959.5,3908,4011
3959.5,3908,4011
3947,3898,3996
3979.5,3874,4085
3978,3873,4083
3977,3872,4082
3976,3871,4081
3976.5,3872,4081
4377,4376,4378
4377,4376,4378
4172,4073,4271
4172,4073,4271
4340.5,4141,4540
4340.5,4141,4540
4325.5,4126,4525
4384,4243,4525
4384,4243,4525
4385.5,4243,4528
4384.5,4242,4527
4372,4352,4392
4372,4352,4392
4382.5,4359,4406
4540.5,4409,4672
4541.5,4410,4673
4541.5,4410,4673
4541.5,4410,4673
4503,4375,4631
4503.5,4376,4631
4503.5,4378,4629
4403,4113,4693
4394,4095,4693
4447.5,4098,4797
4420,4071,4769
4521.5,4175,4868
4522.5,4177,4868
4523,4178,4868
4522.5,4177,4868
4525,4180,4870
4534,4188,4880
4544.5,4194,4895
4557,4207,4907
4557,4207,4907
4607.5,4307,4908
4559,4307,4811
4556.5,4305,4808
4555,4302,4808
4488,4256,4720
4488,4255,4721
4339.5,3875,4804
4339,3874,4804
4338.5,3873,4804
4338.5,3873,4804
4336.5,3872,4801
4336.5,3872,4801
4336,3872,4800
4337.5,3872,4803
4336.5,3870,4803
4327,3851,4803
4327.5,3852,4803
4327.5,3851,4804
4327.5,3851,4804
4336.5,3863,4810
4336,3862,4810
4336,3862,4810
4335,3861,4809
4533.5,3958,5109
4532,3958,5106
3544.5,2975,4114
3544,3181,3907
3539.5,3081,3998
3598.5,3191,4006
3611,3244,3978
3612,3246,3978
3612,3246,3978
3611,3246,3976
3548.5,3129,3968
3526.5,3107,3946
3526.5,3107,3946
3526,3107,3945
3525.5,3106,3945
3524.5,3105,3944
3526,3106,3946
3526.5,3107,3946
3527,3108,3946
3527.5,3110,3945
3528,3111,3945
3507,3103,3911
3438,2981,3895
3431.5,2974,3889
3430.5,2973,3888
3430.5,2973,3888
3430,2972,3888
3430,2972,3888
3431,2966,3896
3462,2997,3927
3459.5,2991,3928
3461,2991,3931
3461,2991,3931
3504,2984,4024
3504,2984,4024
3503.5,2983,4024
3528,3003,4053
3528,3003,4053
3522,3052,3992
3626,3204,4048
3625.5,3204,4047
3627,3205,4049
3626,3205,4047
3642.5,3231,4054
3641.5,3230,4053
3637.5,3227,4048
3638.5,3229,4048
3633.5,3218,4049
3620,3202,4038
3570,3102,4038
3569.5,3103,4036
3518.5,3104,3933
3520.5,3107,3934
3521.5,3108,3935
3422,3206,3638
3422,3206,3638
3428.5,3217,3640
3469.5,3310,3629
3419.5,3210,3629
3403,3177,3629
3409,3121,3697
3409,3121,3697
3408.5,3121,3696
3359.5,3121,3598
3259.5,3021,3498
3353.5,3112,3595
3353.5,3112,3595
3354,3112,3596
3350.5,3105,3596
3350,3104,3596
3350,3104,3596
3306,2918,3694
3305.5,2917,3694
3305.5,2917,3694
3307,2917,3697
3370,3025,3715
3370,3025,3715
3435.5,3063,3808
3435.5,3063,3808
3535,3162,3908
3535.5,3162,3909
3628.5,3164,4093
3628,3163,4093
3651,3164,4138
3648,3161,4135
3698,3162,4234
3675.5,3119,4232
3678,3121,4235
3669,3118,4220
3671.5,3123,4220
3477,2925,4029
3497,2898,4096
3571,2931,4211
3617.5,3012,4223
3617.5,3012,4223
3617.5,3013,4222
3617,3011,4223
3561,2905,4217
3537.5,2967,4108
3537.5,2967,4108
3479,2901,4057
3480,2903,4057
3527,2899,4155
3529,2902,4156
3529,2902,4156
3533,2906,4160
3544,2917,4171
3452,2712,4192
3462,2722,4202
3462,2722,4202
3461,2708,4214
3439,2664,4214
3438.5,2664,4213
3437.5,2663,4212
3439,2665,4213
3433,2662,4204
3455.5,2688,4223
3456,2689,4223
3435.5,2657,4214
3435.5,2658,4213
3413.5,2658,4169
3417.5,2658,4177
3418.5,2658,4179
3420,2659,4181
3419,2658,4180
3062,2547,3577
3059,2544,3574
3073.5,2559,3588
3075,2562,3588
3074,2560,3588
3075,2562,3588
3037.5,2559,3516
2979.5,2549,3410
2939,2468,3410
2936.5,2466,3407
2944.5,2463,3426
2926.5,2425,3428
2925,2422,3428
2925,2423,3427
2924,2423,3425
2933.5,2430,3437
2973,2443,3503
3131.5,2792,3471
3131.5,2792,3471
3130.5,2791,3470
3130.5,2791,3470
3021.5,2778,3265
3022,2779,3265
2968,2775,3161
2949,2796,3102
3017,2775,3259
1866,1778,1954
1864.5,1777,1952
1865,1778,1952
1865,1778,1952
1865,1778,1952
1864.5,1777,1952
1864,1777,1951
1863,1776,1950
1864,1777,1951
1872,1784,1960
1872.5,1785,1960
1872,1785,1959
1870.5,1785,1956
1878.5,1797,1960
1889.5,1807,1972
1895,1801,1989
1896,1801,1991
1893.5,1796,1991
1849.5,1787,1912
1849,1788,1910
1942.5,1801,2084
1921.5,1789,2054
1922.5,1790,2055
1923.5,1791,2056
1923.5,1789,2058
1867,1793,1941
1866.5,1792,1941
1867,1792,1942
1868,1793,1943
1886,1811,1961
1886.5,1811,1962
1888,1813,1963
2080.5,2005,2156
2080.5,2005,2156
2080,2004,2156
2075.5,2003,2148
2075.5,2003,2148
2196,2019,2373
2195.5,2018,2373
2195,2017,2373
2195,2017,2373
2161.5,2046,2277
2317,2045,2589
2317.5,2046,2589
2280,2052,2508
2280,2052,2508
2360,2164,2556
2360,2164,2556
2351,2154,2548
2351.5,2155,2548
2352.5,2156,2549
2353,2154,2552
2354,2155,2553
2354,2156,2552
2354.5,2156,2553
2355,2156,2554
2355.5,2156,2555
2374.5,2175,2574
2392.5,2242,2543
2457.5,2256,2659
2458,2256,2660
2459,2256,2662
2460.5,2259,2662
2460,2258,2662
2459.5,2258,2661
2458,2257,2659
2453.5,2262,2645
2452.5,2261,2644
2451,2259,2643
2421,2278,2564
2419,2283,2555
2418.5,2281,2556
2419.5,2283,2556
2422,2286,2558
2435,2362,2508
2436,2363,2509
2434.5,2361,2508
2434.5,2362,2507
2434.5,2363,2506
2415,2324,2506
2416.5,2326,2507
2335.5,2331,2340
2340,2333,2347
2340,2332,2348
2351.5,2349,2354
2352,2349,2355
2333.5,2173,2494
2334.5,2174,2495
2411,2196,2626
2482,2299,2665
2481.5,2299,2664
2434.5,2199,2670
2433,2199,2667
2419.5,2173,2666
2423.5,2184,2663
2430.5,2207,2654
2431.5,2208,2655
2431,2210,2652
2554,2238,2870
2538,2241,2835
2538,2241,2835
2553,2254,2852
2553,2254,2852
2556.5,2249,2864
2597.5,2323,2872
2594,2363,2825
2587,2361,2813
2587,2360,2814
2588.5,2374,2803
2586,2371,2801
2587.5,2372,2803
2586,2369,2803
2588.5,2372,2805
2588,2370,2806
2582.5,2362,2803
2576,2362,2790
2525.5,2309,2742
2528.5,2311,2746
2528,2311,2745
2274.5,2237,2312
2155.5,2104,2207
2155.5,2104,2207
2155,2102,2208
2155.5,2101,2210
2155.5,2101,2210
2122,2070,2174
2130,2085,2175
2125.5,2072,2179
2126,2072,2180
2132,2087,2177
2132,2087,2177
2140.5,2090,2191
2144.5,2090,2199
2097.5,2094,2101
2104,2100,2108
2105,2103,2107
2104,2102,2106
2171.5,2163,2180
2172.5,2164,2181
2221.5,2182,2261
2220.5,2182,2259
2212.5,2190,2235
2171,2105,2237
2224.5,2122,2327
2219,2064,2374
2221,2065,2377
2222,2066,2378
2222,2066,2378
2169.5,2117,2222
2169,2116,2222
2123,2109,2137
2067,2036,2098
2067,2036,2098
2067,2036,2098
2067,2037,2097
2068.5,2038,2099
2075,2048,2102
2074,2048,2100
2074.5,2049,2100
2063.5,2043,2084
2064,2044,2084
2063.5,2045,2082
2061.5,2042,2081
2059.5,2037,2082
2013.5,2009,2018
2012.5,2007,2018
1964.5,1921,2008
1985.5,1975,1996
2056,2050,2062
2056.5,2049,2064
1992,1983,2001
1991,1983,1999
2018.5,1959,2078
2013.5,1953,2074
2013.5,1953,2074
2016,1912,2120
2001.5,1886,2117
2000,1884,2116
1999.5,1883,2116
1999.5,1883,2116
1998,1881,2115
1999,1881,2117
1943,1878,2008
1946,1881,2011
1949,1884,2014
1948.5,1887,2010
1949.5,1886,2013
2034,1966,2102
2032.5,1963,2102
2019.5,1952,2087
2020.5,1955,2086
2033.5,2002,2065
2013,2006,2020
2053,2019,2087
2039.5,2018,2061
2042,2019,2065
2042,2016,2068
2043,2017,2069
2042,2016,2068
1965,1915,2015
1965.5,1916,2015
1965.5,1916,2015
1909.5,1795,2024
1905,1792,2018
1905,1792,2018
1905.5,1792,2019
1905,1791,2019
1905,1791,2019
1905,1791,2019
1852.5,1799,1906
1901.5,1897,1906
1902,1898,1906
1904.5,1900,1909
1905.5,1903,1908
1907,1904,1910
1912.5,1910,1915
1908,1903,1913
1910,1908,1912
1912.5,1908,1917
1922,1910,1934
1924,1914,1934
1924.5,1915,1934
1914,1913,1915
1946.5,1889,2004
1848,1800,1896
1848.5,1800,1897
1848,1799,1897
1849.5,1801,1898
1852.5,1804,1901
1852,1804,1900
1852,1804,1900
1832.5,1802,1863
1832,1802,1862
1828.5,1801,1856
1830.5,1805,1856
1832.5,1809,1856
1848.5,1809,1888
1878,1845,1911
1957.5,1928,1987
1963,1929,1997
1978,1958,1998
2051,1958,2144
2046.5,1962,2131
2053,1966,2140
2048.5,1966,2131
2048.5,1966,2131
2048.5,1966,2131
2048.5,1963,2134
2047,1963,2131
2048,1965,2131
2047.5,1965,2130
2050,1970,2130
2110,1975,2245
2112.5,1975,2250
2113.5,1977,2250
2113,1977,2249
2112,1977,2247
2111.5,1976,2247
2111.5,1976,2247
2134.5,2022,2247
2066.5,2023,2110
2066.5,2023,2110
2065,2023,2107
2062.5,2015,2110
2056,2012,2100
2054.5,2017,2092
2060.5,2028,2093
2069,2025,2113
2073.5,2014,2133
2075,2011,2139
2072.5,2008,2137
2077.5,2018,2137
1920.5,1805,2036
1867.5,1805,1930
1867.5,1805,1930
1866.5,1806,1927
1871,1816,1926
1872,1816,1928
1871,1814,1928
1871.5,1817,1926
1871.5,1817,1926
1871,1817,1925
1872.5,1816,1929
1870.5,1816,1925
1858.5,1792,1925
1791.5,1682,1901
1787,1666,1908
1775.5,1659,1892
1729.5,1660,1799
1727.5,1656,1799
1725.5,1656,1795
1724.5,1655,1794
1723.5,1655,1792
1729.5,1664,1795
1743.5,1664,1823
1741,1664,1818
1741.5,1664,1819
1761,1705,1817
1825.5,1685,1966
1832,1685,1979
1830,1682,1978
1846.5,1715,1978
1852,1700,2004
1898,1792,2004
1964.5,1793,2136
1965,1793,2137
1963.5,1791,2136
1962,1788,2136
1961,1786,2136
1965,1796,2134
1963.5,1796,2131
1965,1797,2133
1966,1797,2135
1967.5,1800,2135
1980.5,1800,2161
1985,1809,2161
1986,1811,2161
1951.5,1739,2164
1915,1742,2088
1914,1743,2085
1912,1742,2082
1918,1756,2080
1965.5,1753,2178
1955.5,1754,2157
1966,1754,2178
1965.5,1754,2177
1974.5,1754,2195
1967.5,1742,2193
1959,1743,2175
1961,1744,2178
1956.5,1742,2171
1958.5,1740,2177
1960.5,1743,2178
1961,1744,2178
1960,1742,2178
1948,1743,2153
1996.5,1840,2153
1997,1841,2153
1984.5,1811,2158
1983,1808,2158
2001.5,1844,2159
2019,1845,2193
2076,2057,2095
2105,2057,2153
2114,2055,2173
2115,2059,2171
2113,2057,2169
2061.5,2055,2068
2061,2054,2068
2059,2053,2065
2058.5,2053,2064
2067,2066,2068
2116,2066,2166
2116,2067,2165
2118,2071,2165
2122,2074,2170
2126.5,2083,2170
2133.5,2069,2198
2134,2071,2197
2135,2071,2199
2135,2070,2200
2138,2077,2199
2154.5,2079,2230
2156,2079,2233
2156,2082,2230
2157,2082,2232
2113,2093,2133
2108.5,2091,2126
2110,2091,2129
2110,2092,2128
2026,1923,2129
1987.5,1921,2054
1975.5,1900,2051
1964,1899,2029
1964,1899,2029
1967.5,1904,2031
1981,1885,2077
2006.5,1920,2093
2006.5,1915,2098
2002.5,1918,2087
1982.5,1887,2078
1865.5,1768,1963
1780.5,1768,1793
1768.5,1743,1794
1754.5,1733,1776
1756,1741,1771
1753,1735,1771
1739,1736,1742
1743.5,1737,1750
1743.5,1737,1750
1744,1736,1752
1743,1734,1752
1745,1737,1753
1736,1716,1756
1728.5,1714,1743
1737,1723,1751
1733,1720,1746
1732,1717,1747
1731.5,1719,1744
1732,1719,1745
1729,1721,1737
1711.5,1687,1736
1707,1685,1729
1712.5,1686,1739
1709,1680,1738
1707.5,1680,1735
1706,1677,1735
1703,1671,1735
1697,1672,1722
1697,1671,1723
1698.5,1674,1723
1699.5,1675,1724
1709.5,1698,1721
1711.5,1705,1718
1675,1644,1706
1637,1632,1642
1571.5,1514,1629
1569.5,1513,1626
1569,1513,1625
1569,1513,1625
1569.5,1513,1626
1570,1515,1625
1567.5,1515,1620
1568.5,1515,1622
1566,1510,1622
1582,1541,1623
1584.5,1540,1629
1560,1492,1628
1543,1494,1592
1543.5,1494,1593
1543,1493,1593
1542.5,1492,1593
1525.5,1466,1585
1513,1462,1564
1503,1462,1544
1503.5,1463,1544
1523,1502,1544
1552,1500,1604
1553.5,1502,1605
1617,1605,1629
1596,1563,1629
1600.5,1563,1638
1598.5,1556,1641
1600,1559,1641
1551,1542,1560
1550,1543,1557
1551.5,1545,1558
1551,1545,1557
1550,1545,1555
1504,1459,1549
1503.5,1458,1549
1504,1458,1550
1510.5,1458,1563
1500.5,1438,1563
1522,1438,1606
1527.5,1440,1615
1527,1441,1613
1526.5,1441,1612
1531.5,1443,1620
1530,1444,1616
1530,1444,1616
1530.5,1446,1615
1530,1444,1616
1529,1442,1616
1528.5,1442,1615
1528,1442,1614
1527.5,1441,1614
1521,1429,1613
1501,1425,1577
1497.5,1427,1568
1498.5,1427,1570
1498,1426,1570
1498,1427,1569
1494.5,1427,1562
1501.5,1441,1562
1504,1441,1567
1520.5,1474,1567
1493,1473,1513
1492.5,1472,1513
1484,1455,1513
1629,1515,1743
1635.5,1529,1742
1627,1527,1727
1626.5,1526,1727
1626.5,1525,1728
1616.5,1525,1708
1623.5,1540,1707
1624.5,1538,1711
1613,1515,1711
1613.5,1515,1712
1612.5,1515,1710
1617,1514,1720
1629,1540,1718
1628.5,1539,1718
1627.5,1539,1716
1627,1538,1716
1626,1538,1714
1626.5,1539,1714
1631,1540,1722
1630,1538,1722
1585.5,1538,1633
1596.5,1559,1634
1592,1559,1625
1596.5,1553,1640
1652,1541,1763
1647.5,1537,1758
1645,1535,1755
1646,1534,1758
1628.5,1516,1741
1631,1519,1743
1630.5,1519,1742
1630,1518,1742
1629.5,1518,1741
1630.5,1518,1743
1634.5,1517,1752
1640.5,1529,1752
1663,1526,1800
1700.5,1601,1800
1699.5,1601,1798
1709.5,1621,1798
1702,1621,1783
1702.5,1630,1775
1698.5,1569,1828
1699,1566,1832
1717.5,1603,1832
1716.5,1602,1831
1717,1603,1831
1719.5,1603,1836
1724.5,1611,1838
1683,1612,1754
1778,1613,1943
1780.5,1616,1945
1782,1616,1948
1831,1714,1948
1875,1802,1948
1873.5,1799,1948
1871,1798,1944
1875.5,1805,1946
1868.5,1821,1916
1851.5,1785,1918
1851.5,1785,1918
1878.5,1785,1972
1879.5,1787,1972
1880,1787,1973
1878.5,1787,1970
1877,1786,1968
1808,1646,1970
1809,1645,1973
1805,1648,1962
1805.5,1637,1974
1810,1645,1975
1811,1646,1976
1815.5,1648,1983
1825,1648,2002
1639.5,1622,1657
1646.5,1636,1657
1646.5,1632,1661
1646,1625,1667
1646.5,1625,1668
1646.5,1627,1666
1646,1625,1667
1645,1623,1667
1644.5,1622,1667
1644,1620,1668
1688.5,1658,1719
1689,1659,1719
1692.5,1665,1720
1742,1669,1815
1746.5,1679,1814
1742.5,1677,1808
1742.5,1676,1809
1742,1676,1808
1726.5,1668,1785
1725,1668,1782
1718,1652,1784
1722,1652,1792
1722.5,1653,1792
1721,1650,1792
1717,1642,1792
1724.5,1644,1805
1724.5,1643,1806
1724.5,1643,1806
1726,1647,1805
1728.5,1646,1811
1728,1646,1810
1721,1646,1796
1722,1647,1797
1722,1645,1799
1718,1636,1800
1722.5,1655,1790
1732,1655,1809
1730.5,1655,1806
1778.5,1750,1807
1761,1714,1808
1749,1692,1806
1752,1710,1794
1761,1713,1809
1761,1712,1810
1916.5,1811,2022
1969.5,1915,2024
1971,1918,2024
2117,1917,2317
2124,1933,2315
2129.5,1935,2324
2128,1932,2324
2127,1932,2322
2127,1932,2322
2128,1933,2323
2128.5,1933,2324
2122,1932,2312
2102.5,1891,2314
2102.5,1893,2312
2103.5,1894,2313
2104,1895,2313
1946.5,1852,2041
1945,1849,2041
1933,1850,2016
2025,2021,2029
2084.5,2022,2147
2084,2020,2148
2085,2020,2150
2069.5,1990,2149
2070,1991,2149
2069.5,1990,2149
2069.5,1989,2150
2067.5,1987,2148
2066.5,1987,2146
1981,1817,2145
1933.5,1820,2047
1932,1820,2044
1933.5,1823,2044
1932,1821,2043
1873.5,1817,1930
1886,1840,1932
1842.5,1734,1951
1834,1703,1965
1832.5,1702,1963
1832.5,1701,1964
1832.5,1701,1964
1835,1706,1964
1834,1706,1962
1837.5,1714,1961
1832,1707,1957
1833,1707,1959
1833,1707,1959
1827.5,1695,1960
1804,1698,1910
1803.5,1698,1909
